CPTY,Product,APP,CurrencyPair,Amount,Date
7333,FXSPOT,360T,USD/QAR,200000,3
2436,FXSPOT,360T,USD/SEK,200000,2
9320,FXSPOT,BLOOMBERG,USD/SEK,200000,10
7333,FXSPOT,EBRO,USD/CAD,200000,9
7333,FXSPOT,EBRO,USD/CAD,200000,10
997778,FXSPOT,EBRO,USD/CAD,200000,10
9320,FXSPOT,EBRO,USD/CHF,200000,9
7333,FXSPOT,EBRO,USD/JPY,200000,5
7333,FXSPOT,EBRO,USD/JPY,200000,11
7333,FXFWD,EBRO,NZD/USD,199920,11
7333,FXSPOT,EBRO,NZD/USD,199737,11
9320,FXFWD,FENICSPREM,USD/USN,190125,2
8192,FXSPOT,360T,USD/THB,190000,11
3324,FXFWD,FENICSPREM,USD/USN,187500,12
2815,FXFWD,FENICSPREM,USD/USN,171250,9
9320,FXFWD,FENICSPREM,USD/USN,168750,2
2436,FXSPOT,BARCLAYS,EUR/USD,163604.95,11
9320,FXSPOT,UBS,USD/SEK,162000,10
2815,FXFWD,FENICSPREM,USD/USN,160000,9
997778,FXFWD,FENICSPREM,USD/USN,150250,5
7333,FXFWD,360T,USD/AED,150000,8
2436,FXSPOT,BARCLAYS,USD/CAD,150000,3
2436,FXSPOT,BARCLAYS,USD/CAD,150000,4
3324,FXSPOT,CITI,USD/THB,150000,4
2436,FXSPOT,BARCLAYS,USD/SGD,145000,4
3324,FXSPOT,CITI,AUD/USD,140104,1
8192,FXSPOT,360T,USD/CAD,140000,10
3324,FXSPOT,CITI,AUD/USD,139834,3
3324,FXSPOT,CITI,AUD/USD,139948,3
7333,FXSPOT,EBRO,AUD/USD,139484,11
9320,FXSPOT,EBRO,AUD/USD,139416,8
997778,FXSPOT,EBRO,AUD/USD,139314,10
9320,FXSPOT,EBRO,AUD/USD,139256,10
2436,FXSPOT,FENICSPREM,EUR/USD,136464.75,2
2436,FXSPOT,BARCLAYS,EUR/USD,135644.4,2
2436,FXSPOT,BARCLAYS,EUR/USD,135589.2,2
2436,FXSPOT,BARCLAYS,EUR/USD,135465.6,3
9320,FXFWD,FENICSPREM,USD/USN,131062.5,2
7333,FXSPOT,EBRO,GBP/USD,125125,8
2436,FXSPOT,360T,GBP/USD,126374,1
2436,FXSPOT,BARCLAYS,GBP/USD,126058,2
2436,FXSPOT,BARCLAYS,GBP/USD,125822,4
3324,FXSPOT,EBRO,GBP/USD,125056,10
7333,FXSPOT,EBRO,GBP/USD,125032,10
7333,FXSPOT,EBRO,GBP/USD,124653,9
3324,FXFWD,FENICSPREM,USD/USN,122500,12
7333,FXSPOT,EBRO,EUR/USD,113463,1
3324,FXSPOT,EBRO,EUR/USD,112533,12
3324,FXSPOT,EBRO,EUR/USD,112512,10
7333,FXSPOT,EBRO,EUR/USD,112490,12
3324,FXSPOT,EBRO,EUR/GBP,112460,12
8192,FXSPOT,360T,USD/CAD,110000,10
9320,FXSPOT,360T,USD/JPY,109000,10
2436,FXSPOT,BARCLAYS,USD/JPY,100000,2
2436,FXSPOT,BARCLAYS,USD/JPY,100000,3
3324,FXSPOT,CITI,USD/CAD,100000,3
3324,FXSPOT,CITI,USD/THB,100000,3
3324,FXSPOT,EBRO,USD/CAD,100000,10
3324,FXSPOT,EBRO,USD/CAD,100000,12
997778,FXSPOT,EBRO,USD/CHF,100000,3
7333,FXSPOT,EBRO,USD/JPY,100000,10
7333,FXSPOT,EBRO,USD/JPY,100000,12
7333,FXSPOT,360T,USD/ZAR,90000,10
997778,FXFWD,FENICSPREM,USD/USN,89062.5,11
2436,FXSPOT,360T,USD/CAD,83021.68,10
9320,FXSPOT,360T,USD/RON,80000,12
9320,FXSPOT,EBRO,AUD/USD,69925,12
7333,FXSPOT,EBRO,AUD/USD,69587,12
3324,FXSPOT,CITI,NZD/USD,67010,1
3324,FXSPOT,CITI,NZD/USD,66809,3
3324,FXSPOT,CITI,NZD/USD,66527,11
7333,FXSPOT,EBRO,NZD/USD,66266,8
2436,FXSPOT,360T,USD/MXN,60000,8
2436,FXSPOT,BARCLAYS,EUR/USD,56542,1
2436,FXSPOT,BARCLAYS,EUR/USD,56537,1
2436,FXSPOT,BARCLAYS,EUR/USD,56090.5,8
2815,FXFWD,FENICSPREM,USD/USN,50500,10
2436,FXSPOT,BARCLAYS,GBP/USD,50237.2,11
2436,FXSPOT,BARCLAYS,USD/MXN,50000,2
2436,FXSPOT,BARCLAYS,USD/MXN,50000,3
2436,FXSPOT,BARCLAYS,USD/MXN,50000,9
2436,FXSPOT,BARCLAYS,USD/MXN,50000,10
2436,FXSPOT,BARCLAYS,USD/MXN,50000,11
2436,FXSPOT,BARCLAYS,USD/MXN,50000,12
175292,FXSPOT,SAPPHIRE,USD/HKD,47544.47,8
175292,FXSPOT,SAPPHIRE,EUR/HKD,47529.84,8
3324,FXFWD,FENICSPREM,USD/USN,35625,8
997778,FXFWD,BLOOMBERG,EUR/USD,33684.61,3
2436,FXSPOT,BARCLAYS,USD/TRY,32711.64,2
2436,FXSPOT,BARCLAYS,USD/ZAR,25000,4
2436,FXSPOT,BARCLAYS,USD/TRY,22248.02,11
997778,FXFWD,FENICSPREM,USD/USN,20750,5
2436,FXSWAP,360T,USD/CZK,665327.14,3
9320,FXSPOT,UBS,USD/CAD,650000,9
9320,FXSPOT,UBS,USD/CAD,635000,10
7333,FXSPOT,EBRO,GBP/USD,628465,3
997778,FXSPOT,EBRO,GBP/USD,626025,5
7333,FXFWD,NDFFIXING,USD/CNY,616280.56,10
9320,FXSPOT,360T,USD/SGD,615000,8
997778,FXFWD,TULLETT,USD/MXN,600000,11
2436,FXSPOT,360T,USD/MXN,600000,10
3324,FXSPOT,CITI,USD/CAD,600000,5
3324,FXSPOT,EBRO,USD/CAD,600000,8
7333,FXSPOT,EBRO,USD/CAD,600000,9
7333,FXSPOT,360T,EUR/USD,564450,3
9320,FXSPOT,EBRO,EUR/USD,562980,11
7333,FXSWAP,360T,USD/QAR,546724.29,2
7333,FXSWAP,360T,USD/SAR,533263.51,9
9320,FXSWAP,360T,USD/SEK,532871.48,11
8192,FXSPOT,BLOOMBERG,USD/THB,525000,1
3324,FXSPOT,NDFFIXING,USD/PHP,506853.87,4
3324,FXSPOT,NDFFIXING,USD/TWD,504783.88,2
997778,FXSPOT,EBRO,GBP/USD,503764,3
3324,FXSPOT,EBRO,GBP/USD,503104,12
3324,FXSPOT,NDFFIXING,USD/ARS,502351.7,11
7333,FXFWD,360T,USD/AED,500000,12
3324,FXNDF,CITI,USD/CLP,500000,3
7333,FXSPOT,360T,USD/CNH,500000,5
2436,FXSPOT,BARCLAYS,USD/CAD,500000,2
3324,FXSPOT,CITI,USD/CNH,500000,1
7333,FXSPOT,EBRO,USD/CAD,500000,5
9320,FXSPOT,EBRO,USD/CAD,500000,3
3324,FXSPOT,CITI,AUD/USD,488642,8
7333,FXSPOT,EBRO,EUR/USD,448600,8
3324,FXSPOT,EBRO,AUD/USD,418548,11
2436,FXSPOT,360T,USD/CAD,400000,11
3324,FXSPOT,CITI,USD/JPY,400000,1
3324,FXSPOT,CITI,USD/JPY,400000,2
7333,FXSPOT,EBRO,USD/CAD,400000,2
9320,FXSPOT,EBRO,USD/JPY,400000,10
7333,FXSPOT,EBRO,USD/MXN,400000,11
9320,FXSPOT,UBS,USD/CAD,400000,3
2436,FXSPOT,BARCLAYS,GBP/USD,379074,2
2436,FXSPOT,BARCLAYS,GBP/USD,379065,2
2436,FXSPOT,BARCLAYS,GBP/USD,378924,2
2436,FXSPOT,BARCLAYS,GBP/USD,378918,2
2436,FXSPOT,BARCLAYS,GBP/USD,378882,2
2436,FXSPOT,BARCLAYS,GBP/USD,378726,2
2436,FXSPOT,BARCLAYS,GBP/USD,378684,2
2436,FXSPOT,BARCLAYS,GBP/USD,378333,2
9320,FXSPOT,EBRO,AUD/USD,351885,3
3324,FXSPOT,CITI,USD/CHF,350000,1
2436,FXSPOT,BARCLAYS,AUD/NZD,349550,3
7333,FXSPOT,360T,USD/HKD,340000,12
8192,FXSPOT,EBRO,EUR/USD,337602,11
9320,FXSPOT,EBRO,EUR/USD,336246,9
2436,FXSPOT,BARCLAYS,GBP/USD,315300,2
9320,FXSPOT,360T,USD/DKK,300000,12
9320,FXSPOT,BLOOMBERG,USD/DKK,300000,10
3324,FXSPOT,CITI,USD/CAD,300000,4
3324,FXSPOT,CITI,USD/CAD,300000,5
7333,FXSPOT,EBRO,USD/CAD,300000,3
9320,FXSPOT,EBRO,USD/CAD,300000,9
9320,FXSPOT,UBS,USD/JPY,300000,2
9320,FXSPOT,UBS,USD/CAD,290000,12
9320,FXSPOT,EBRO,AUD/USD,280820,12
9320,FXSPOT,EBRO,AUD/USD,278880,11
3324,FXSPOT,CITI,AUD/USD,278732,9
9320,FXSPOT,UBS,USD/JPY,270000,12
9320,FXSPOT,UBS,EUR/USD,269236.8,5
7333,FXSPOT,EBRO,GBP/USD,252750,1
9320,FXSPOT,EBRO,GBP/USD,252150,2
997778,FXSPOT,EBRO,GBP/USD,252140,2
7333,FXSPOT,EBRO,GBP/USD,250540,5
3324,FXSPOT,EBRO,GBP/USD,250290,8
9320,FXSPOT,EBRO,GBP/USD,250222,10
7333,FXSPOT,360T,USD/THB,250000,2
2436,FXSPOT,BARCLAYS,USD/CAD,250000,2
2436,FXSPOT,BARCLAYS,USD/HKD,250000,4
2436,FXSPOT,BARCLAYS,USD/MXN,250000,4
3324,FXSPOT,CITI,USD/CNH,250000,1
3324,FXSPOT,CITI,USD/CNH,250000,2
9320,FXSPOT,UBS,USD/JPY,250000,5
7333,FXSPOT,EBRO,EUR/USD,225822,1
9320,FXSPOT,EBRO,EUR/USD,225726,1
7333,FXSPOT,EBRO,EUR/USD,224146,9
9320,FXSPOT,EBRO,EUR/USD,224128,9
9320,FXSPOT,EBRO,EUR/USD,224122,9
9320,FXSPOT,EBRO,EUR/USD,224054,9
2436,FXSPOT,360T,USD/MXN,220000,9
3324,FXSPOT,CITI,AUD/USD,210141,1
3324,FXSPOT,CITI,AUD/USD,208890,11
7333,FXFWD,360T,USD/AED,200000,10
9320,FXSPOT,360T,USD/HKD,200000,3
997778,FXSPOT,R,USD/MXN,1000000,11
2436,FXSPOT,R,USD/SGD,1000000,3
2436,FXSPOT,R,USD/SGD,1000000,8
997778,FXSPOT,R,USD/SGD,1000000,8
2436,FXSPOT,RBRO,USD/CAD,1000000,1
2436,FXSPOT,RBRO,USD/CAD,1000000,8
2436,FXSPOT,RBRO,USD/CAD,1000000,11
3324,FXSPOT,RBRO,USD/CAD,1000000,12
3324,FXSPOT,RBRO,USD/CAD,1000000,2
3324,FXSPOT,RBRO,USD/CAD,1000000,12
2436,FXSPOT,RBRO,USD/MXN,1000000,2
2436,FXSPOT,RBRO,USD/MXN,1000000,3
2436,FXSPOT,RBRO,USD/MXN,1000000,8
2436,FXSPOT,RBRO,USD/MXN,1000000,9
2436,FXSPOT,RBRO,USD/MXN,1000000,10
3324,FXSPOT,RBRO,USD/MXN,1000000,1
3324,FXSPOT,RBRO,USD/MXN,1000000,1
3324,FXSPOT,RBRO,USD/MXN,1000000,3
3324,FXSPOT,RBRO,USD/MXN,1000000,5
3324,FXSPOT,RBRO,USD/MXN,1000000,9
3324,FXSPOT,RBRO,USD/MXN,1000000,10
3324,FXSPOT,RBRO,USD/MXN,1000000,11
997778,FXSPOT,RBRO,USD/MXN,1000000,1
997778,FXSPOT,RBRO,USD/SGD,1000000,10
9320,FXSPOT,UBS,USD/CAD,1000000,5
9320,FXSPOT,UBS,USD/JPY,1000000,5
9320,FXSPOT,UBS,USD/JPY,1000000,8
2436,FXSPOT,NDFFIXING,USD/KRW,999575.73,8
8192,FXSPOT,NDFFIXING,USD/KRW,998896.9,8
7333,FXSPOT,NDFFIXING,USD/CLP,991193.31,2
9320,FXSPOT,360T,EUR/USD,909033.68,10
3324,FXSPOT,EBRO,USD/CAD,900000,10
3324,FXSPOT,CITI,EUR/USD,896536,9
2436,FXSPOT,BARCLAYS,GBP/USD,884352,2
2436,FXSPOT,BARCLAYS,GBP/USD,884016,2
8192,FXSPOT,360T,USD/MXN,850000,12
3324,FXNDF,CITI,USD/PHP,800000,12
7333,FXSPOT,360T,USD/CAD,800000,11
997778,FXSPOT,EBRO,USD/JPY,800000,5
9320,FXSPOT,EBRO,EUR/USD,785162,8
3324,FXSPOT,NDFFIXING,USD/PHP,766395.53,1
3324,FXSPOT,NDFFIXING,USD/PHP,759987.49,4
7333,FXSPOT,EBRO,GBP/USD,751356,11
997778,FXSPOT,EBRO,AUD/USD,703740,3
9320,FXSPOT,EBRO,AUD/USD,703730,3
9320,FXSPOT,EBRO,AUD/USD,703630,3
997778,FXSPOT,EBRO,AUD/USD,703630,3
2436,FXSPOT,R,AUD/USD,703150,3
9320,FXSPOT,EBRO,AUD/USD,702050,12
2436,FXSPOT,R,AUD/USD,702000,12
3324,FXSPOT,R,AUD/USD,702000,12
9320,FXSPOT,RBRO,AUD/USD,702000,12
3324,FXSPOT,CITI,USD/CAD,700000,9
9320,FXSPOT,UBS,USD/CAD,700000,5
9320,FXSPOT,UBS,USD/CAD,700000,8
9320,FXSPOT,EBRO,AUD/USD,699200,1
997778,FXSPOT,EBRO,AUD/USD,699200,1
3324,FXSPOT,R,AUD/USD,699200,1
3324,FXSPOT,RBRO,AUD/USD,699200,1
3324,FXSPOT,EBRO,AUD/USD,698190,11
9320,FXSPOT,EBRO,AUD/USD,697790,11
8192,FXSPOT,EBRO,AUD/USD,697640,11
9320,FXSPOT,UBS,AUD/USD,697320,8
2436,FXSPOT,R,AUD/USD,696900,1
3324,FXSPOT,R,AUD/USD,696900,1
2436,FXSPOT,RBRO,AUD/USD,696900,1
997778,FXSPOT,EBRO,AUD/USD,696840,1
9320,FXSPOT,EBRO,AUD/USD,696830,1
2436,FXSPOT,R,AUD/USD,696500,10
3324,FXSPOT,R,AUD/USD,696500,10
2436,FXSPOT,R,AUD/USD,696350,10
3324,FXSPOT,R,AUD/USD,696350,10
2436,FXSPOT,RBRO,AUD/USD,696350,10
3324,FXSPOT,RBRO,AUD/USD,696350,10
3324,FXSPOT,R,AUD/USD,696300,10
2436,FXSPOT,RBRO,AUD/USD,696300,10
3324,FXSPOT,EBRO,AUD/USD,695930,1
9320,FXSPOT,EBRO,AUD/USD,695920,1
9320,FXSPOT,EBRO,AUD/USD,695920,1
997778,FXSPOT,EBRO,AUD/USD,696920,1
997778,FXSPOT,EBRO,AUD/USD,695910,10
8192,FXSPOT,360T,USD/CNH,675000,3
2436,FXSPOT,R,NZD/USD,671100,3
2436,FXSPOT,R,NZD/USD,671000,3
3324,FXSPOT,R,NZD/USD,671000,3
9320,FXSPOT,EBRO,NZD/USD,670910,3
2436,FXSPOT,R,NZD/USD,670900,3
2436,FXSPOT,R,NZD/USD,670800,3
9320,FXSPOT,EBRO,NZD/USD,669260,2
2436,FXSPOT,R,NZD/USD,667700,1
7333,FXSPOT,EBRO,NZD/USD,667400,1
3324,FXSPOT,RBRO,NZD/USD,667400,1
7333,FXFWD,EBRO,NZD/USD,667150,1
997778,FXSPOT,EBRO,NZD/USD,666950,2
2815,FXNDF,E,USD/KRW,1000000,1
8192,FXNDF,E,USD/KRW,1000000,1
2436,FXNDF,E,USD/PHP,1000000,9
8192,FXNDF,E,USD/PHP,1000000,3
8192,FXNDF,E,USD/PHP,1000000,11
2436,FXNDF,E,USD/TWD,1000000,9
3324,FXNDF,E,USD/TWD,1000000,5
8192,FXNDF,E,USD/TWD,1000000,10
9320,FXNDF,E,USD/TWD,1000000,5
9320,FXNDF,E,USD/TWD,1000000,9
8192,FXNDF,EBRO,USD/BRL,1000000,12
3324,FXNDF,EBRO,USD/TWD,1000000,5
7333,FXNDF,XPSECUR,USD/CLP,1000000,1
2436,FXSPOT,360T,USD/CAD,1000000,1
2436,FXSPOT,360T,USD/CAD,1000000,2
2436,FXSPOT,360T,USD/CAD,1000000,3
2436,FXSPOT,360T,USD/CAD,1000000,9
8192,FXSPOT,360T,USD/CAD,1000000,2
9320,FXSPOT,360T,USD/CAD,1000000,1
9320,FXSPOT,360T,USD/CAD,1000000,2
9320,FXSPOT,360T,USD/CAD,1000000,3
9320,FXSPOT,360T,USD/CAD,1000000,10
9320,FXSPOT,360T,USD/CAD,1000000,11
8192,FXSPOT,360T,USD/CNH,1000000,10
2436,FXSPOT,360T,USD/HKD,1000000,10
2436,FXSPOT,360T,USD/MXN,1000000,1
2436,FXSPOT,360T,USD/MXN,1000000,3
9320,FXSPOT,360T,USD/SGD,1000000,2
7333,FXSPOT,360T,USD/TRY,1000000,12
2436,FXSPOT,BARCLAYS,USD/AED,1000000,2
3324,FXSPOT,CITI,USD/CNH,1000000,10
3324,FXSPOT,CITI,USD/JPY,1000000,3
3324,FXSPOT,CITI,USD/JPY,1000000,5
2436,FXSPOT,E,USD/JPY,1000000,3
3324,FXSPOT,E,USD/JPY,1000000,1
3324,FXSPOT,E,USD/JPY,1000000,3
3324,FXSPOT,E,USD/JPY,1000000,12
3324,FXSPOT,EBRO,USD/CAD,1000000,8
3324,FXSPOT,EBRO,USD/CAD,1000000,9
3324,FXSPOT,EBRO,USD/CAD,1000000,10
3324,FXSPOT,EBRO,USD/CAD,1000000,11
3324,FXSPOT,EBRO,USD/CAD,1000000,12
3324,FXSPOT,EBRO,USD/CAD,1000000,1
7333,FXSPOT,EBRO,USD/CAD,1000000,2
7333,FXSPOT,EBRO,USD/CAD,1000000,8
7333,FXSPOT,EBRO,USD/CAD,1000000,9
7333,FXSPOT,EBRO,USD/CAD,1000000,12
8192,FXSPOT,EBRO,USD/CAD,1000000,12
9320,FXSPOT,EBRO,USD/CAD,1000000,1
9320,FXSPOT,EBRO,USD/CAD,1000000,8
9320,FXSPOT,EBRO,USD/CAD,1000000,9
9320,FXSPOT,EBRO,USD/CAD,1000000,10
997778,FXSPOT,EBRO,USD/CAD,1000000,1
997778,FXSPOT,EBRO,USD/CAD,1000000,2
997778,FXSPOT,EBRO,USD/CAD,1000000,9
997778,FXSPOT,EBRO,USD/CAD,1000000,10
997778,FXSPOT,EBRO,USD/CAD,1000000,12
3324,FXSPOT,EBRO,USD/CHF,1000000,8
7333,FXSPOT,EBRO,USD/CHF,1000000,8
997778,FXSPOT,EBRO,USD/CHF,1000000,3
3324,FXSPOT,EBRO,USD/JPY,1000000,2
3324,FXSPOT,EBRO,USD/JPY,1000000,5
3324,FXSPOT,EBRO,USD/JPY,1000000,10
3324,FXSPOT,EBRO,USD/JPY,1000000,12
7333,FXSPOT,EBRO,USD/JPY,1000000,3
7333,FXSPOT,EBRO,USD/JPY,1000000,10
7333,FXSPOT,EBRO,USD/JPY,1000000,11
7333,FXSPOT,EBRO,USD/JPY,1000000,12
9320,FXSPOT,EBRO,USD/JPY,1000000,2
9320,FXSPOT,EBRO,USD/JPY,1000000,3
9320,FXSPOT,EBRO,USD/JPY,1000000,10
997778,FXSPOT,EBRO,USD/JPY,1000000,3
7333,FXSPOT,EBRO,USD/MXN,1000000,3
2436,FXSPOT,R,USD/CAD,1000000,1
2436,FXSPOT,R,USD/CAD,1000000,2
2436,FXSPOT,R,USD/CAD,1000000,8
3324,FXSPOT,R,USD/CAD,1000000,1
3324,FXSPOT,R,USD/CAD,1000000,2
3324,FXSPOT,R,USD/CAD,1000000,8
3324,FXSPOT,R,USD/CAD,1000000,12
2436,FXSPOT,R,USD/HKD,1000000,12
2815,FXSPOT,R,USD/HKD,1000000,12
9320,FXSPOT,R,USD/HKD,1000000,12
997778,FXSPOT,R,USD/HKD,1000000,10
2436,FXSPOT,R,USD/MXN,1000000,1
2436,FXSPOT,R,USD/MXN,1000000,2
2436,FXSPOT,R,USD/MXN,1000000,8
2436,FXSPOT,R,USD/MXN,1000000,9
2436,FXSPOT,R,USD/MXN,1000000,10
3324,FXSPOT,R,USD/MXN,1000000,2
3324,FXSPOT,R,USD/MXN,1000000,3
3324,FXSPOT,R,USD/MXN,1000000,9
3324,FXSPOT,R,USD/MXN,1000000,11
997778,FXSPOT,EBRO,EUR/USD,1125400,11
2436,FXSPOT,E,EUR/USD,1125350,11
3324,FXSPOT,E,EUR/USD,1125350,11
3324,FXSPOT,EBRO,EUR/USD,1125350,11
3324,FXSPOT,E,EUR/USD,1125300,11
3324,FXSPOT,EBRO,EUR/USD,1125300,11
9320,FXSPOT,EBRO,EUR/USD,1125260,10
3324,FXSPOT,E,EUR/USD,1125250,11
3324,FXSPOT,EBRO,EUR/USD,1125250,11
9320,FXSPOT,BLOOMBERG,EUR/USD,1125230,10
3324,FXSPOT,E,EUR/USD,1125200,11
3324,FXSPOT,EBRO,EUR/USD,1125200,11
997778,FXSPOT,EBRO,EUR/USD,1125200,11
3324,FXSPOT,E,EUR/USD,1125050,10
997778,FXSPOT,EBRO,EUR/USD,1125030,11
3324,FXSPOT,E,EUR/USD,1125000,11
3324,FXSPOT,EBRO,EUR/USD,1125000,11
3324,FXSPOT,E,EUR/USD,1124950,10
3324,FXSPOT,E,EUR/USD,1124900,11
3324,FXSPOT,EBRO,EUR/USD,1124900,11
3324,FXSPOT,E,EUR/USD,1124850,11
3324,FXSPOT,E,EUR/USD,1124800,10
3324,FXSPOT,E,EUR/USD,1124800,11
3324,FXSPOT,E,EUR/USD,1124750,11
3324,FXSPOT,EBRO,EUR/USD,1124750,11
8192,FXSPOT,EBRO,EUR/USD,1124730,5
9320,FXSPOT,EBRO,EUR/USD,1124730,5
7333,FXSPOT,EBRO,EUR/USD,1124700,11
3324,FXSPOT,EBRO,EUR/USD,1124700,10
3324,FXSPOT,EBRO,EUR/USD,1124650,11
3324,FXSPOT,EBRO,EUR/USD,1124600,11
3324,FXSPOT,EBRO,EUR/USD,1124550,11
3324,FXSPOT,EBRO,EUR/USD,1124500,11
3324,FXSPOT,E,EUR/USD,1124450,10
3324,FXSPOT,E,EUR/USD,1123850,5
3324,FXSPOT,EBRO,EUR/USD,1123800,5
9320,FXSPOT,EBRO,EUR/USD,1122900,5
997778,FXSPOT,EBRO,EUR/USD,1122400,5
997778,FXSPOT,EBRO,EUR/USD,1122000,5
3324,FXSPOT,EBRO,EUR/USD,1121600,5
3324,FXSPOT,EBRO,EUR/USD,1121310,5
3324,FXSPOT,E,EUR/USD,1121250,5
3324,FXSPOT,EBRO,EUR/USD,1121200,8
3324,FXSPOT,E,EUR/USD,1121150,8
9320,FXSPOT,UBS,EUR/USD,1121110,8
2436,FXSPOT,EBRO,EUR/USD,1121100,9
3324,FXSPOT,E,EUR/USD,1121000,8
3324,FXSPOT,EBRO,EUR/USD,1120900,9
3324,FXSPOT,E,EUR/USD,1120800,9
3324,FXSPOT,EBRO,EUR/USD,1120800,9
3324,FXSPOT,EBRO,EUR/USD,1120750,9
3324,FXSPOT,EBRO,EUR/USD,1120700,9
3324,FXSPOT,EBRO,EUR/USD,1120250,9
3324,FXSPOT,CITI,USD/CNH,1100000,9
2436,FXSPOT,BARCLAYS,AUD/NZD,1049400,2
175292,FXSPOT,SAPPHIRE,GBP/USD,1030394.29,11
3324,FXFWD,NDFFIXING,USD/TWD,1022066.14,30
7333,FXSPOT,NDFFIXING,USD/PHP,1019554.98,11
7333,FXSPOT,NDFFIXING,USD/INR,1018993.22,11
3324,FXSPOT,NDFFIXING,USD/PHP,1017210.73,11
3324,FXSPOT,NDFFIXING,USD/INR,1016554.08,10
2436,FXSPOT,NDFFIXING,USD/INR,1015642.24,3
3324,FXSPOT,NDFFIXING,USD/INR,1015642.24,3
2436,FXSPOT,NDFFIXING,USD/INR,1015569.65,3
2815,FXSPOT,NDFFIXING,USD/INR,1015493.03,1
3324,FXSPOT,NDFFIXING,USD/INR,1015493.03,1
2436,FXSPOT,NDFFIXING,USD/INR,1015424.46,3
3324,FXSPOT,NDFFIXING,USD/KRW,1015379.36,3
3324,FXSPOT,NDFFIXING,USD/INR,1014985.54,1
3324,FXSPOT,NDFFIXING,USD/INR,1014262.98,3
2436,FXSPOT,NDFFIXING,USD/INR,1011380.21,8
3324,FXSPOT,NDFFIXING,USD/INR,1011190.26,4
3324,FXSPOT,NDFFIXING,USD/INR,1011117.65,4
3324,FXSPOT,NDFFIXING,USD/INR,1010391.48,4
3324,FXFWD,NDFFIXING,USD/TWD,1009724.1,3
8192,FXSPOT,NDFFIXING,USD/INR,1008648.67,4
8192,FXSPOT,NDFFIXING,USD/INR,1008358.2,4
3324,FXSPOT,NDFFIXING,USD/CNY,1007170.31,2
2436,FXSPOT,NDFFIXING,USD/KRW,1006749.83,3
7333,FXFWD,NDFFIXING,USD/CNY,1006334,10
3324,FXSPOT,NDFFIXING,USD/KRW,1003578.12,11
9320,FXFWD,NDFFIXING,USD/TWD,1002917.7,7
3324,FXFWD,NDFFIXING,USD/TWD,1002885.54,8
7333,FXFWD,NDFFIXING,USD/CLP,1000764.17,3
8192,FXNDF,360T,USD/CNY,1000000,11
7333,FXNDF,BGCINTL,USD/CLP,1000000,2
3324,FXNDF,CITI,USD/BRL,1000000,10
3324,FXNDF,CITI,USD/PHP,1000000,3
3324,FXNDF,CITI,USD/TWD,1000000,3
2436,FXNDF,E,USD/INR,1000000,9
3324,FXNDF,E,USD/INR,1000000,11
8192,FXNDF,E,USD/INR,1000000,9
2436,FXNDF,E,USD/KRW,1000000,1
2436,FXNDF,E,USD/KRW,1000000,8
3324,FXSPOT,EBRO,EUR/USD,1130500,1
3324,FXSPOT,E,EUR/USD,1130300,2
997778,FXSPOT,EBRO,EUR/USD,1130260,2
9320,FXSPOT,EBRO,EUR/USD,1130250,2
997778,FXSPOT,EBRO,EUR/USD,1130150,2
3324,FXSPOT,E,EUR/USD,1130100,2
2436,FXSPOT,EBRO,EUR/USD,1130000,3
3324,FXSPOT,EBRO,EUR/USD,1130000,2
3324,FXSPOT,EBRO,EUR/USD,1130000,3
3324,FXSPOT,E,EUR/USD,1129900,3
3324,FXSPOT,EBRO,EUR/USD,1129900,2
3324,FXSPOT,E,EUR/USD,1129700,3
997778,FXSPOT,E,EUR/USD,1129200,3
3324,FXSPOT,E,EUR/USD,1129000,2
3324,FXSPOT,E,EUR/USD,1128800,1
3324,FXSPOT,EBRO,EUR/USD,1128800,4
3324,FXSPOT,E,EUR/USD,1128750,1
3324,FXSPOT,EBRO,EUR/USD,1128750,1
3324,FXSPOT,E,EUR/JPY,1128700,2
3324,FXSPOT,E,EUR/USD,1128700,1
997778,FXSPOT,EBRO,EUR/USD,1128700,1
3324,FXSPOT,E,EUR/USD,1128600,2
3324,FXSPOT,EBRO,EUR/USD,1128590,2
9320,FXSPOT,EBRO,EUR/USD,1128530,2
7333,FXSPOT,EBRO,EUR/USD,1128520,2
9320,FXSPOT,EBRO,EUR/USD,1128520,1
3324,FXSPOT,E,EUR/USD,1128500,4
9320,FXSPOT,EBRO,EUR/USD,1128500,2
3324,FXSPOT,E,EUR/USD,1128400,4
3324,FXSPOT,EBRO,EUR/USD,1128400,4
3324,FXSPOT,E,EUR/USD,1128350,3
3324,FXSPOT,EBRO,EUR/USD,1128350,4
3324,FXSPOT,EBRO,EUR/USD,1128300,4
997778,FXSPOT,EBRO,EUR/USD,1128270,3
3324,FXSPOT,EBRO,EUR/USD,1128250,4
3324,FXSPOT,EBRO,EUR/USD,1128200,3
3324,FXSPOT,EBRO,EUR/USD,1128200,4
997778,FXSPOT,EBRO,EUR/USD,1128170,3
3324,FXSPOT,EBRO,EUR/USD,1128150,3
2436,FXSPOT,EBRO,EUR/USD,1128100,3
3324,FXSPOT,EBRO,EUR/USD,1127900,3
997778,FXSPOT,EBRO,EUR/USD,1127300,12
997778,FXSPOT,EBRO,EUR/USD,1127150,12
9320,FXSPOT,EBRO,EUR/USD,1126940,5
3324,FXSPOT,E,EUR/USD,1126900,12
3324,FXSPOT,E,EUR/USD,1126600,12
997778,FXSPOT,EBRO,EUR/USD,1126600,5
997778,FXSPOT,EBRO,EUR/USD,1126600,11
9320,FXSPOT,EBRO,EUR/USD,1126590,5
3324,FXSPOT,E,EUR/USD,1126450,12
3324,FXSPOT,EBRO,EUR/USD,1126450,12
997778,FXSPOT,EBRO,EUR/USD,1126400,5
3324,FXSPOT,EBRO,EUR/USD,1126150,5
8192,FXSPOT,EBRO,EUR/USD,1126110,11
9320,FXSPOT,EBRO,EUR/USD,1126110,11
3324,FXSPOT,EBRO,EUR/USD,1126100,11
7333,FXSPOT,EBRO,EUR/USD,1126070,11
3324,FXSPOT,EBRO,EUR/USD,1126060,11
7333,FXSPOT,EBRO,EUR/USD,1126060,11
3324,FXSPOT,E,EUR/USD,1126050,11
3324,FXSPOT,EBRO,EUR/USD,1126050,11
9320,FXSPOT,EBRO,EUR/USD,1126050,11
997778,FXSPOT,EBRO,EUR/USD,1126050,11
3324,FXSPOT,E,EUR/USD,1126000,11
2436,FXSPOT,EBRO,EUR/USD,1126000,5
3324,FXSPOT,EBRO,EUR/USD,1126000,5
3324,FXSPOT,EBRO,EUR/USD,1126000,11
3324,FXSPOT,E,EUR/USD,1125900,11
3324,FXSPOT,EBRO,EUR/USD,1125900,11
3324,FXSPOT,EBRO,EUR/USD,1125850,11
3324,FXSPOT,EBRO,EUR/USD,1125820,10
3324,FXSPOT,E,EUR/USD,1125800,11
3324,FXSPOT,EBRO,EUR/USD,1125800,11
3324,FXSPOT,E,EUR/USD,1125750,11
3324,FXSPOT,EBRO,EUR/USD,1125750,11
3324,FXSPOT,E,EUR/USD,1125700,11
3324,FXSPOT,EBRO,EUR/USD,1125700,11
997778,FXSPOT,EBRO,EUR/USD,1125700,11
3324,FXSPOT,E,EUR/USD,1125650,11
3324,FXSPOT,EBRO,EUR/USD,1125650,11
7333,FXSPOT,EBRO,EUR/USD,1125630,11
3324,FXSPOT,E,EUR/USD,1125600,11
3324,FXSPOT,EBRO,EUR/USD,1125600,11
3324,FXSPOT,EBRO,EUR/USD,1125500,11
2436,FXSPOT,E,EUR/USD,1125500,11
3324,FXSPOT,E,EUR/USD,1125500,10
3324,FXSPOT,EBRO,EUR/USD,1125500,11
3324,FXSPOT,E,EUR/USD,1125450,11
997778,FXSPOT,E,EUR/USD,1125450,11
3324,FXSPOT,EBRO,EUR/USD,1125450,11
3324,FXSPOT,E,EUR/USD,1125400,11
997778,FXSPOT,E,EUR/USD,1125400,11
3324,FXSPOT,EBRO,EUR/USD,1125400,11
997778,FXSPOT,EBRO,EUR/USD,1125400,10
3324,FXSPOT,R,GBP/USD,1254900,11
3324,FXSPOT,RBRO,GBP/USD,1254900,11
3324,FXSPOT,R,GBP/USD,1254800,11
3324,FXSPOT,RBRO,GBP/USD,1254800,11
9849,FXSPOT,RBRO,GBP/USD,1254800,11
997778,FXSPOT,RBRO,GBP/USD,1254700,11
3324,FXSPOT,R,GBP/USD,1254600,11
3324,FXSPOT,RBRO,GBP/USD,1254600,11
3324,FXSPOT,R,GBP/USD,1254500,11
3324,FXSPOT,RBRO,GBP/USD,1254500,11
9320,FXSPOT,EBRO,GBP/USD,1254430,11
3324,FXSPOT,R,GBP/USD,1254400,11
3324,FXSPOT,RBRO,GBP/USD,1254400,11
2436,FXSPOT,R,GBP/USD,1254100,11
3324,FXSPOT,R,GBP/USD,1254100,11
3324,FXSPOT,RBRO,GBP/USD,1254100,11
8192,FXSPOT,RBRO,GBP/USD,1254100,11
3324,FXSPOT,RBRO,GBP/USD,1254000,11
2436,FXSPOT,R,GBP/USD,1253900,11
3324,FXSPOT,R,GBP/USD,1253900,11
3324,FXSPOT,RBRO,GBP/USD,1253900,11
8192,FXSPOT,RBRO,GBP/USD,1253900,11
2436,FXSPOT,R,GBP/USD,1253800,11
3324,FXSPOT,R,GBP/USD,1253800,11
3324,FXSPOT,RBRO,GBP/USD,1253800,11
8192,FXSPOT,RBRO,GBP/USD,1253800,11
3324,FXSPOT,R,GBP/USD,1253700,11
3324,FXSPOT,RBRO,GBP/USD,1253700,11
9320,FXSPOT,RBRO,GBP/USD,1253700,11
3324,FXSPOT,R,GBP/USD,1253600,11
3324,FXSPOT,RBRO,GBP/USD,1253600,11
8192,FXSPOT,RBRO,GBP/USD,1253600,11
9320,FXSPOT,RBRO,GBP/USD,1253600,11
3324,FXSPOT,R,GBP/USD,1253500,11
3324,FXSPOT,RBRO,GBP/USD,1253500,11
3324,FXSPOT,R,GBP/USD,1253200,11
3324,FXSPOT,RBRO,GBP/USD,1253200,11
3324,FXSPOT,R,GBP/USD,1253100,11
3324,FXSPOT,RBRO,GBP/USD,1253100,11
3324,FXSPOT,R,GBP/USD,1253000,11
3324,FXSPOT,RBRO,GBP/USD,1253000,11
3324,FXSPOT,R,GBP/USD,1252200,11
3324,FXSPOT,RBRO,GBP/USD,1252200,11
997778,FXSPOT,RBRO,GBP/USD,1252200,11
3324,FXSPOT,R,GBP/USD,1252100,11
3324,FXSPOT,RBRO,GBP/USD,1252100,11
3324,FXSPOT,R,GBP/USD,1252000,11
3324,FXSPOT,RBRO,GBP/USD,1252000,11
3324,FXSPOT,R,GBP/USD,1251900,11
3324,FXSPOT,RBRO,GBP/USD,1251900,11
8192,FXSPOT,RBRO,GBP/USD,1251900,11
3324,FXSPOT,R,GBP/USD,1251800,11
3324,FXSPOT,RBRO,GBP/USD,1251800,11
8192,FXSPOT,RBRO,GBP/USD,1251800,11
997778,FXSPOT,RBRO,GBP/USD,1251800,11
3324,FXSPOT,R,GBP/USD,1251700,11
3324,FXSPOT,RBRO,GBP/USD,1251700,11
3324,FXSPOT,RBRO,GBP/USD,1251600,11
3324,FXSPOT,R,GBP/USD,1251500,11
3324,FXSPOT,RBRO,GBP/USD,1251500,11
3324,FXSPOT,RBRO,GBP/USD,1251300,11
997778,FXSPOT,EBRO,GBP/USD,1251260,10
3324,FXSPOT,RBRO,GBP/USD,1251200,11
3324,FXSPOT,R,GBP/USD,1250900,5
3324,FXSPOT,RBRO,GBP/USD,1250900,11
2436,FXSPOT,R,GBP/USD,1250000,5
3324,FXSPOT,R,GBP/USD,1250000,5
3324,FXSPOT,RBRO,GBP/USD,1250000,5
3324,FXSPOT,R,GBP/USD,1247100,9
3324,FXSPOT,RBRO,GBP/USD,1247100,9
3324,FXSPOT,RBRO,GBP/USD,1244700,9
3324,FXSPOT,CITI,EUR/USD,1233903,9
9320,FXSPOT,360T,USD/CNH,1200000,3
3324,FXSPOT,CITI,USD/CNH,1200000,11
175292,FXSPOT,SAPPHIRE,USD/CAD,1200000,11
9320,FXSPOT,UBS,USD/CAD,1200000,2
3324,FXSPOT,EBRO,EUR/GBP,1134500,1
7333,FXSPOT,EBRO,EUR/GBP,1134500,1
2436,FXSPOT,EBRO,EUR/USD,1134500,1
3324,FXSPOT,E,EUR/USD,1134400,1
997778,FXSPOT,EBRO,EUR/GBP,1134400,1
3324,FXSPOT,E,EUR/USD,1134100,1
3324,FXSPOT,EBRO,EUR/USD,1134100,1
3324,FXSPOT,E,EUR/USD,1133800,1
3324,FXSPOT,EBRO,EUR/USD,1133800,1
3324,FXSPOT,EBRO,EUR/USD,1133760,1
997778,FXSPOT,EBRO,EUR/USD,1133740,1
3324,FXSPOT,E,EUR/USD,1133700,1
3324,FXSPOT,EBRO,EUR/USD,1133550,1
3324,FXSPOT,EBRO,EUR/USD,1133500,1
3324,FXSPOT,E,EUR/USD,1133250,1
3324,FXSPOT,EBRO,EUR/USD,1133000,1
3324,FXSPOT,E,EUR/USD,1130800,1
3324,FXSPOT,E,EUR/USD,1130500,1
3324,FXSPOT,EBRO,EUR/USD,2256320,3
3324,FXSPOT,E,EUR/USD,2256300,3
3324,FXSPOT,E,EUR/USD,2255800,3
3324,FXSPOT,EBRO,EUR/USD,2254960,3
8192,FXSPOT,EBRO,EUR/USD,2252200,11
3324,FXSPOT,E,EUR/USD,2251500,11
3324,FXSPOT,E,EUR/USD,2250800,11
3324,FXSPOT,E,EUR/USD,2250600,11
3324,FXSPOT,E,EUR/USD,2250400,11
3324,FXFWD,TULLETT,EUR/USD,2250340,12
3324,FXSPOT,E,EUR/USD,2249000,11
3324,FXSPOT,E,EUR/USD,2247900,10
3324,FXSPOT,E,EUR/USD,2247700,5
3324,FXSPOT,E,EUR/USD,2247600,5
3324,FXSPOT,R,EUR/USD,2246200,5
7333,FXSPOT,360T,EUR/USD,2200000,1
9320,FXSPOT,UBS,USD/JPY,2164712.44,1
997778,FXSPOT,RBRO,AUD/USD,2106000,12
9320,FXSWAP,UBS,AUD/USD,2092151.7,8
175292,FXSPOT,SAPPHIRE,GBP/USD,2057869.03,11
2436,FXSPOT,NDFFIXING,USD/PHP,2035984.29,11
3324,FXSPOT,NDFFIXING,USD/CLP,2033831.84,11
8192,FXSPOT,NDFFIXING,USD/INR,2031426.85,1
2436,FXSPOT,NDFFIXING,USD/PHP,2029175.38,4
7333,FXSPOT,NDFFIXING,USD/KRW,2016716.41,3
8192,FXSPOT,NDFFIXING,USD/INR,2016716.41,4
3324,FXNDF,CITI,USD/BRL,2000000,10
3324,FXNDF,CITI,USD/BRL,2000000,12
3324,FXNDF,CITI,USD/TWD,2000000,4
3324,FXNDF,E,USD/INR,2000000,11
2436,FXNDF,E,USD/KRW,2000000,1
9320,FXNDF,E,USD/TWD,2000000,9
7333,FXNDF,ICAP,USD/PEN,2000000,3
997778,FXNDF,MORGAN,USD/BRL,2000000,12
8192,FXSPOT,BLOOMBERG,USD/CNH,2000000,1
3324,FXSPOT,CITI,USD/CNH,2000000,1
3324,FXSPOT,CITI,USD/CNH,2000000,12
3324,FXSPOT,E,USD/JPY,2000000,3
3324,FXSPOT,E,USD/JPY,2000000,12
3324,FXSPOT,EBRO,USD/CAD,2000000,8
7333,FXSPOT,EBRO,USD/CAD,2000000,1
997778,FXSPOT,EBRO,USD/CHF,2000000,3
2436,FXSPOT,R,USD/CAD,2000000,8
3324,FXSPOT,RBRO,USD/HKD,2000000,11
9320,FXSPOT,UBS,USD/JPY,2000000,3
9320,FXSPOT,UBS,USD/JPY,2000000,5
9320,FXSPOT,UBS,USD/JPY,2000000,8
8192,FXSPOT,NDFFIXING,USD/KRW,1997793.81,8
175292,FXSPOT,SAPPHIRE,USD/CAD,1946656.72,5
9320,FXSWAP,BLOOMBERG,USD/RON,1917458.22,1
9320,FXSWAP,BLOOMBERG,USD/RON,1902749.97,8
3324,FXSPOT,NDFFIXING,USD/CLP,1873791.28,2
9320,FXSWAP,360T,USD/NOK,1850772.75,8
175292,FXSPOT,SAPPHIRE,GBP/CHF,1814973.53,5
8192,FXFWD,BGCINTL,EUR/USD,1800800,11
9320,FXSPOT,360T,USD/CNH,1500000,11
8192,FXSPOT,BLOOMBERG,AUD/USD,1406940,4
2436,FXSPOT,R,AUD/USD,1406400,3
2436,FXSPOT,R,AUD/USD,1406300,3
3324,FXSPOT,R,AUD/USD,1404000,12
2436,FXSPOT,R,AUD/USD,1403900,12
3324,FXSPOT,R,AUD/USD,1398400,1
3324,FXSPOT,R,AUD/USD,1392700,10
3324,FXSPOT,R,AUD/USD,1392000,1
2436,FXSPOT,R,NZD/USD,1342200,3
2436,FXSPOT,R,NZD/USD,1341800,3
3324,FXSPOT,NDFFIXING,USD/KRW,1323491.97,3
3324,FXSPOT,CITI,USD/CAD,1300000,8
3324,FXSPOT,CITI,USD/CNH,1300000,1
2436,FXSPOT,BARCLAYS,GBP/USD,1266380,1
2436,FXSPOT,R,GBP/USD,1265100,1
3324,FXSPOT,R,GBP/USD,1265000,1
7333,FXSPOT,EBRO,GBP/USD,1264700,1
3324,FXSPOT,R,GBP/USD,1264400,1
9320,FXSPOT,EBRO,GBP/USD,1264090,1
997778,FXSPOT,EBRO,GBP/USD,1260340,2
997778,FXSPOT,EBRO,GBP/USD,1260320,2
997778,FXSPOT,EBRO,GBP/USD,1260280,2
3324,FXSPOT,R,GBP/USD,1260000,2
3324,FXSPOT,R,GBP/USD,1259400,2
3324,FXSPOT,R,GBP/USD,1259300,2
3324,FXSPOT,RBRO,GBP/USD,1259300,2
997778,FXSPOT,RBRO,GBP/USD,1259300,3
997778,FXSPOT,EBRO,GBP/USD,1257800,3
3324,FXSPOT,R,GBP/USD,1257800,3
3324,FXSPOT,R,GBP/USD,1257600,11
3324,FXSPOT,R,GBP/USD,1255700,11
3324,FXSPOT,RBRO,GBP/USD,1255700,11
3324,FXSPOT,R,GBP/USD,1255500,11
3324,FXSPOT,RBRO,GBP/USD,1255500,11
3324,FXSPOT,R,GBP/USD,1255300,11
3324,FXSPOT,RBRO,GBP/USD,1255300,11
3324,FXSPOT,R,GBP/USD,1255000,11
3324,FXSPOT,RBRO,GBP/USD,1255000,11
8192,FXSPOT,BLOOMBERG,USD/CNH,5000000,1
997778,FXSPOT,BLOOMBERG,USD/CNH,5000000,1
3324,FXSPOT,EBRO,USD/CAD,5000000,9
3324,FXSPOT,EBRO,USD/CAD,5000000,11
7333,FXSPOT,EBRO,USD/CAD,5000000,8
997778,FXSWAP,TULLETT,USD/MXN,5000000,12
3324,FXSPOT,EBRO,AUD/USD,4894400,1
8192,FXSPOT,EBRO,AUD/USD,4894400,1
7333,FXSPOT,EBRO,AUD/USD,4894330,1
2436,FXSWAP,BARCLAYS,NZD/USD,4637262,8
9320,FXSWAP,UBS,USD/CHF,4546911.39,10
3324,FXSPOT,EBRO,EUR/USD,4536600,1
9320,FXSPOT,UBS,USD/CAD,4145245.23,1
997778,FXFWD,TULLETT,EUR/USD,4057452,5
8192,FXSPOT,NDFFIXING,USD/INR,4034594.69,4
3324,FXSPOT,R,NZD/USD,4026600,3
2436,FXNDF,E,USD/TWD,4000000,10
3324,FXSPOT,E,USD/JPY,4000000,12
175292,FXSPOT,SAPPHIRE,USD/CAD,4000000,11
9320,FXSWAP,360T,USD/PLN,4000000,3
2436,FXSWAP,360T,USD/DKK,3918008.14,11
9320,FXSWAP,UBS,USD/JPY,3908548.43,8
3324,FXFWD,TULLETT,EUR/USD,3875695.5,8
3324,FXSPOT,EBRO,GBP/USD,3791700,1
3324,FXSPOT,R,GBP/USD,3767100,11
3324,FXSPOT,R,GBP/USD,3761100,11
3324,FXSPOT,R,GBP/USD,3760800,11
3324,FXSPOT,RBRO,GBP/USD,3760800,11
3324,FXSPOT,R,GBP/USD,3756000,11
3324,FXSPOT,R,GBP/USD,3755700,11
3324,FXSPOT,R,GBP/USD,3755400,11
3324,FXSPOT,RBRO,GBP/USD,3755400,11
3324,FXSPOT,RBRO,GBP/USD,3754800,11
3324,FXSPOT,RBRO,GBP/USD,3754500,11
3324,FXSPOT,R,GBP/USD,3750000,5
3324,FXSPOT,E,EUR/USD,3401400,1
7333,FXSPOT,E,EUR/USD,3392400,1
3324,FXSPOT,E,EUR/USD,3388500,2
7333,FXSPOT,EBRO,EUR/USD,3378180,11
997778,FXSPOT,E,EUR/USD,3378000,10
3324,FXSPOT,E,EUR/USD,3377700,11
2436,FXSPOT,EBRO,EUR/USD,3376500,11
3324,FXSPOT,E,EUR/USD,3375900,11
3324,FXSPOT,E,EUR/USD,3375000,11
3324,FXSPOT,E,EUR/USD,3371400,5
9320,FXSPOT,UBS,EUR/USD,3364740,5
3324,FXFWD,TRADITION,EUR/USD,3273810,4
111371,FXFWD,CASHACCEL,EUR/GBP,3241978.13,3
997778,FXFWD,GFI,GBP/USD,3178000,5
2436,FXSPOT,NDFFIXING,USD/INR,3051534.9,3
2436,FXSPOT,NDFFIXING,USD/INR,3046273.39,3
2436,FXSPOT,360T,USD/MXN,3000000,3
3324,FXSPOT,CITI,USD/TRY,3000000,10
3324,FXSPOT,EBRO,USD/CAD,3000000,2
7333,FXSPOT,EBRO,USD/JPY,3000000,10
2436,FXSPOT,RBRO,USD/MXN,3000000,5
9320,FXSPOT,UBS,USD/JPY,3000000,9
8192,FXSWAP,BLOOMBERG,USD/SGD,2946603.85,11
8192,FXSWAP,BLOOMBERG,USD/SGD,2944283.12,12
2436,FXSPOT,BARCLAYS,USD/CNH,2700000,3
3324,FXSPOT,R,GBP/USD,2531000,1
3324,FXSPOT,R,GBP/USD,2527800,1
3324,FXSPOT,R,GBP/USD,2515600,3
3324,FXSPOT,R,GBP/USD,2511400,11
2436,FXSPOT,R,GBP/USD,2509600,11
3324,FXSPOT,R,GBP/USD,2509600,11
2436,FXSPOT,R,GBP/USD,2508800,11
3324,FXSPOT,R,GBP/USD,2508200,11
2436,FXSPOT,R,GBP/USD,2508000,11
2436,FXSPOT,R,GBP/USD,2507800,11
3324,FXSPOT,R,GBP/USD,2507800,11
2436,FXSPOT,R,GBP/USD,2507600,11
3324,FXSPOT,R,GBP/USD,2507600,11
3324,FXSPOT,RBRO,GBP/USD,2507600,11
3324,FXSPOT,R,GBP/USD,2507400,11
3324,FXSPOT,RBRO,GBP/USD,2507400,11
2436,FXSPOT,R,GBP/USD,2507200,11
3324,FXSPOT,R,GBP/USD,2507200,11
3324,FXSPOT,R,GBP/USD,2507000,11
3324,FXSPOT,R,GBP/USD,2506200,11
3324,FXSPOT,R,GBP/USD,2506000,11
175292,FXFWD,SAPPHIRE,GBP/USD,2504000,11
3324,FXSPOT,R,GBP/USD,2503800,11
3324,FXSPOT,R,GBP/USD,2503600,11
3324,FXSPOT,R,GBP/USD,2503400,11
3324,FXSPOT,R,GBP/USD,2501800,5
2436,FXSPOT,360T,GBP/USD,2501720,8
3324,FXSPOT,R,GBP/USD,2494200,9
9320,FXFWD,BGCINTL,EUR/USD,2355759,8
9320,FXSPOT,360T,USD/HKD,2300000,5
3324,FXSPOT,E,EUR/USD,2267600,1
3324,FXSPOT,EBRO,EUR/USD,2267580,1
997778,FXSPOT,E,EUR/USD,2261000,1
3324,FXSPOT,E,EUR/USD,2257400,1
9320,FXSWAP,360T,USD/NOK,13522480.55,9
2436,FXSPOT,BARCLAYS,GBP/USD,12545900,1
7333,FXSPOT,EBRO,GBP/USD,12541100,1
997778,FXSPOT,RBRO,GBP/USD,12522000,11
9320,FXSWAP,360T,USD/NOK,11572711.33,8
3324,FXSPOT,EBRO,EUR/GBP,11344000,1
3324,FXSPOT,CITI,EUR/PLN,11343000,1
7333,FXSPOT,EBRO,EUR/GBP,11343000,1
3324,FXSPOT,CITI,EUR/USD,11298100,2
2436,FXSPOT,BARCLAYS,EUR/USD,11297600,2
3324,FXSPOT,EBRO,EUR/USD,11293100,2
3324,FXSPOT,EBRO,EUR/USD,11285200,2
3324,FXSPOT,CITI,EUR/NZD,11279000,3
3324,FXSPOT,R,GBP/USD,11258100,5
3324,FXSPOT,E,EUR/USD,11249000,11
9320,FXSWAP,UBS,AUD/USD,11233019.2,12
2436,FXSPOT,BARCLAYS,EUR/USD,11220400,10
2436,FXSPOT,BARCLAYS,EUR/USD,11216300,10
9320,FXSPOT,UBS,EUR/USD,11216170,10
3324,FXSPOT,CITI,EUR/USD,11212500,8
3324,FXSPOT,NDFFIXING,USD/BRL,10566849.91,2
8192,FXSWAP,BLOOMBERG,USD/SGD,10311936.07,15
2436,FXSWAP,360T,USD/DKK,10262498.1,12
7333,FXSPOT,EBRO,GBP/USD,10111600,1
2436,FXSPOT,NDFFIXING,USD/INR,10076133.78,11
2436,FXNDF,ICAP,USD/INR,10000000,4
8192,FXNDF,ICAP,USD/INR,10000000,5
2436,FXSPOT,360T,USD/CNH,10000000,1
3324,FXSPOT,EBRO,USD/CAD,10000000,8
3324,FXSPOT,EBRO,USD/CAD,10000000,11
7333,FXSPOT,EBRO,USD/CAD,10000000,8
7333,FXSPOT,EBRO,USD/CAD,10000000,11
7333,FXSPOT,EBRO,USD/JPY,10000000,3
997778,FXSPOT,FENICSPREM,USD/CAD,10000000,5
997778,FXSPOT,FENICSPREM,USD/CAD,10000000,12
9320,FXSWAP,360T,USD/CNH,10000000,2
8192,FXSWAP,BGCINTL,USD/CNH,10000000,2
9320,FXSWAP,REMATE,USD/MXN,10000000,12
9320,FXSWAP,TULLETT,USD/MXN,10000000,10
8192,FXSPOT,NDFFIXING,USD/INR,9964598.78,8
175292,FXFWD,SAPPHIRE,GBP/AUD,9535512.88,11
2436,FXSPOT,E,EUR/USD,9035200,3
8192,FXNDF,TULLETT,USD/BRL,9000000,2
8192,FXFWD,NDFFIXING,USD/BRL,8979181.29,3
3324,FXSPOT,CITI,EUR/USD,8969520,8
2436,FXSWAP,BARCLAYS,NZD/USD,8699210,12
9320,FXSWAP,360T,NZD/USD,8380250,3
3324,FXFWD,TULLETT,EUR/USD,8254785,8
3324,FXSPOT,CITI,USD/TRY,8000000,10
3324,FXSPOT,RBRO,USD/HKD,8000000,11
3324,FXSPOT,EBRO,EUR/USD,7936740,1
3324,FXSPOT,EBRO,EUR/USD,7851270,8
9320,FXSWAP,BLOOMBERG,USD/PLN,7389860.4,8
9320,FXSWAP,BLOOMBERG,USD/PLN,7384802.49,5
2436,FXSWAP,BARCLAYS,NZD/USD,7328684,11
3324,FXSPOT,EBRO,USD/CAD,7000000,1
7333,FXSPOT,EBRO,USD/CAD,7000000,1
7333,FXSPOT,EBRO,EUR/GBP,6729000,5
7333,FXSPOT,EBRO,NZD/USD,6712900,3
3324,FXSPOT,CITI,GBP/USD,6323900,2
3324,FXSPOT,EBRO,GBP/USD,6316550,1
3324,FXSPOT,EBRO,GBP/USD,6302650,2
8192,FXSWAP,R,GBP/USD,6291837.5,3
7333,FXSPOT,EBRO,GBP/USD,6287750,3
7333,FXSPOT,EBRO,GBP/USD,6284100,3
3324,FXSPOT,EBRO,GBP/USD,6255700,10
2436,FXSPOT,R,GBP/USD,6220000,9
2815,FXFWD,BGCINTL,USD/CAD,6200000,10
9320,FXSPOT,UBS,USD/CAD,6200000,1
3324,FXSPOT,R,USD/CAD,6000000,1
8192,FXSWAP,BLOOMBERG,USD/SGD,5900749.4,3
2436,FXSPOT,E,EUR/USD,5670500,1
3324,FXSPOT,E,EUR/USD,5670500,1
9320,FXSPOT,EBRO,EUR/USD,5670500,1
3324,FXSPOT,E,EUR/USD,5640000,3
3324,FXSPOT,CITI,EUR/USD,5627000,11
7333,FXSPOT,EBRO,EUR/USD,5623850,11
9320,FXSPOT,UBS,EUR/USD,5605800,5
9320,FXSWAP,360T,AUD/USD,5574112.8,9
3324,FXSPOT,NDFFIXING,USD/CLP,5238924.47,1
8192,FXSWAP,BLOOMBERG,USD/SGD,5160129.89,2
3324,FXSPOT,EBRO,USD/CAD,5100000,8
9320,FXSPOT,NDFFIXING,USD/TWD,5046793.59,2
3324,FXSPOT,R,GBP/USD,5036800,2
2436,FXSPOT,BARCLAYS,GBP/CHF,5022000,11
997778,FXSPOT,RBRO,GBP/USD,5008800,11
3324,FXNDF,CITI,USD/INR,5000000,9
7333,FXNDF,TULLETT,USD/BRL,5000000,3
7333,FXNDF,TULLETT,USD/CNH,5000000,10
2436,FXSPOT,360T,USD/CNH,5000000,1
9320,FXSPOT,360T,USD/DKK,5000000,9
2436,FXSPOT,360T,USD/MXN,5000000,1
2436,FXSPOT,360T,USD/RON,5000000,1
8192,FXSPOT,BLOOMBERG,USD/CHF,5000000,2
3324,FXSWAP,GFI,USD/MXN,78786478.14,3
9320,FXSWAP,R,USD/DKK,78451133.24,5
9320,FXSWAP,UBS,NZD/USD,76869174.8,5
3324,FXSWAP,R,USD/CAD,76391918.04,8
9320,FXSWAP,UBS,NZD/USD,76236455.5,8
2436,FXSWAP,RBRO,USD/SEK,76179782.14,3
3324,FXSWAP,R,USD/DKK,75688882.36,2
3324,FXSWAP,R,USD/CAD,72342369.78,1
2436,FXSWAP,RBRO,EUR/USD,71968614.4,10
9320,FXSWAP,UBS,USD/CHF,70481061.44,8
997778,FXSWAP,RBRO,NZD/USD,70434000,3
9320,FXSWAP,360T,USD/CAD,70000000,5
3324,FXSWAP,R,USD/JPY,70000000,1
7333,FXSWAP,R,USD/MXN,68000000,10
8192,FXSWAP,R,EUR/USD,67536600,11
3324,FXSWAP,RBRO,USD/CAD,64839712.42,2
9320,FXSWAP,360T,USD/CAD,64747598.63,1
2815,FXSWAP,TRADITION,USD/CNH,63944194.16,4
8192,FXSWAP,R,EUR/USD,61855007.5,12
9320,FXSWAP,360T,USD/CAD,60000000,5
2436,FXSWAP,360T,USD/JPY,60000000,5
2436,FXSWAP,R,USD/JPY,60000000,3
2436,FXSWAP,R,USD/MXN,60000000,8
3324,FXSWAP,R,USD/NOK,57793277.53,2
8192,FXSWAP,R,USD/DKK,57470833.18,9
2815,FXSWAP,R,USD/CAD,57167379.23,2
3324,FXSPOT,CITI,EUR/USD,56706940,1
2436,FXSWAP,RBRO,EUR/USD,56020365,9
9320,FXSWAP,UBS,USD/CHF,55350579.5,9
9320,FXSWAP,360T,USD/CAD,55000000,5
8192,FXSWAP,BLOOMBERG,USD/CNH,54693425.12,2
333317,FXSWAP,CLSSWAP,GBP/AUD,52559320,15
8192,FXSWAP,R,USD/DKK,52468230.71,12
9320,FXSWAP,UBS,USD/CHF,51624355.28,1
9320,FXSWAP,360T,USD/HKD,50000000,11
9320,FXSWAP,360T,USD/JPY,50000000,1
9320,FXSWAP,UBS,USD/CHF,47356809.88,5
175292,FXSPOT,SAPPHIRE,EUR/USD,46071358.94,11
2436,FXSWAP,360T,USD/CAD,45000000,5
8192,FXSWAP,BLOOMBERG,USD/HKD,43569310.7,2
3324,FXSWAP,R,USD/CAD,41922616.95,2
8192,FXSPOT,RBRO,GBP/USD,40160000,11
2436,FXSWAP,360T,USD/CAD,40000000,5
9320,FXSWAP,360T,USD/CAD,40000000,5
9320,FXSWAP,360T,USD/HKD,40000000,11
3324,FXSWAP,RBRO,USD/CHF,40000000,8
9320,FXSWAP,360T,USD/HKD,38407374.22,9
7333,FXSWAP,R,USD/MXN,38000000,10
9320,FXSWAP,UBS,USD/CHF,37590707.9,12
2436,FXSWAP,BARCLAYS,USD/SEK,373339745.8,12
9320,FXSWAP,360T,USD/CAD,30502498.15,5
7333,FXSWAP,R,USD/MXN,30000000,8
997778,FXSWAP,RBRO,USD/CHF,30000000,3
3324,FXSWAP,TRADITION,USD/CNH,30000000,11
2436,FXSWAP,RBRO,USD/DKK,29576330.44,1
9320,FXSWAP,UBS,USD/CHF,29423101.25,2
2436,FXSWAP,BARCLAYS,NZD/USD,28404768,9
2815,FXFWD,TRADITION,USD/CAD,25000000,9
8192,FXSWAP,BLOOMBERG,USD/SGD,25000000,2
2436,FXSWAP,TULLETT,USD/MXN,25000000,11
8192,FXSWAP,BLOOMBERG,USD/SGD,24377631.68,1
2436,FXSWAP,RBRO,USD/CAD,24372911.64,9
8192,FXSWAP,R,AUD/USD,23046325.5,8
2436,FXSWAP,RBRO,AUD/USD,23036409,8
2436,FXSWAP,360T,GBP/USD,22750500.6,1
8192,FXSPOT,EBRO,EUR/USD,22577600,1
8192,FXSPOT,EBRO,EUR/GBP,22518000,11
8192,FXSPOT,EBRO,EUR/GBP,22508000,11
8192,FXSPOT,EBRO,EUR/GBP,22504000,11
8192,FXSPOT,EBRO,EUR/GBP,22500000,11
3324,FXSPOT,CITI,EUR/USD,22441800,10
9320,FXSPOT,UBS,EUR/USD,22435540,10
8192,FXSWAP,BLOOMBERG,USD/SGD,22161319.63,1
3324,FXSWAP,TULLETT,USD/SGD,22092482.08,15
3324,FXSPOT,NDFFIXING,USD/BRL,20106271.59,5
3324,FXFWD,TULLETT,USD/JPY,20000000,12
3324,FXNDF,TULLETT,USD/BRL,20000000,3
2436,FXSWAP,360T,USD/MXN,20000000,10
2436,FXSWAP,TULLETT,USD/MXN,20000000,1
9320,FXSWAP,BLOOMBERG,USD/CZK,18490712.32,1
9320,FXSWAP,UBS,USD/JPY,18437235.92,10
9320,FXSWAP,UBS,USD/NOK,18413629.89,10
9320,FXSWAP,360T,NZD/USD,18027351.9,1
8192,FXSWAP,BGCINTL,USD/CNH,17496537.14,2
9320,FXSWAP,360T,USD/CHF,17214598.91,12
8192,FXSWAP,RBRO,USD/HKD,17000000,2
8192,FXSPOT,NDFFIXING,USD/CNY,16100326.34,2
7333,FXNDF,TULLETT,USD/BRL,16000000,10
2436,FXSWAP,360T,USD/DKK,15091681.21,12
8192,FXSWAP,R,GBP/USD,15050700,12
997778,FXSPOT,RBRO,GBP/USD,15026400,11
2436,FXSWAP,360T,USD/DKK,15011370.36,9
2436,FXSWAP,360T,USD/DKK,14261872.3,9
2436,FXSWAP,BARCLAYS,NZD/USD,13943223,10
175292,FXFWD,SAPPHIRE,GBP/USD,2068735471,11
175292,FXFWD,SAPPHIRE,GBP/USD,1152662415,11
2436,FXSWAP,RPMART,EUR/USD,1133100000,1
2815,FXSWAP,ICAP,EUR/USD,1129300000,2
997778,FXSWAP,R,EUR/USD,1126823300,11
3324,FXSWAP,R,EUR/USD,1125624000,12
9320,FXSWAP,ICAP,EUR/USD,957695000,11
8192,FXSWAP,RBRO,EUR/USD,900484640,12
7333,FXSWAP,RPMART,EUR/USD,900320000,12
175292,FXFWD,SAPPHIRE,USD/CHF,771547823.1,11
111371,FXSPOT,SAPPHIRE,EUR/GBP,759408000,1
111371,FXSPOT,CASHACCEL,EUR/GBP,758226000,1
175292,FXFWD,SAPPHIRE,GBP/USD,717364250.4,11
9849,FXSWAP,RBRO,USD/CAD,685595710.3,2
333317,FXSWAP,CLSSWAP,EUR/USD,634894260,10
3324,FXSWAP,RPMART,GBP/USD,632000000,1
9849,FXSWAP,RBRO,USD/CAD,572256981.5,10
9849,FXSWAP,RBRO,USD/CAD,571647648.6,2
2436,FXSWAP,ICAP,USD/CAD,571021786.4,9
9320,FXSWAP,360T,EUR/USD,566648650,1
2436,FXSWAP,R,EUR/USD,566102400,1
2436,FXSWAP,ICAP,EUR/USD,565050000,2
3324,FXSWAP,RBRO,EUR/USD,564205000,4
2815,FXSWAP,ICAP,EUR/USD,563950000,3
2436,FXSWAP,R,EUR/USD,562353500,10
2436,FXSWAP,R,GBP/USD,505141200,2
3324,FXSWAP,R,EUR/USD,451837200,2
997778,FXSWAP,R,USD/CHF,400000000,2
2436,FXSWAP,RBRO,EUR/USD,395428950,2
3324,FXSWAP,R,EUR/USD,393482075,12
2436,FXSWAP,R,EUR/USD,392035280,9
2436,FXSWAP,R,EUR/USD,369204836,11
2815,FXSWAP,R,USD/CAD,344168260,3
9849,FXSWAP,RBRO,USD/CAD,343452460.5,5
8192,FXSWAP,R,EUR/USD,338820000,3
2815,FXSWAP,RPMART,EUR/USD,337200000,10
7333,FXSWAP,TULLETT,USD/JPY,332731336.1,2
2436,FXSWAP,RPMART,GBP/USD,316075000,1
3324,FXSWAP,R,USD/DKK,304169093.7,1
3324,FXSWAP,R,USD/JPY,300000000,11
3324,FXSWAP,R,EUR/USD,283350250,1
2436,FXSWAP,RPMART,EUR/USD,280800000,8
3324,FXSWAP,RBRO,EUR/USD,280498500,8
9320,FXSWAP,R,EUR/USD,280373250,8
2436,FXSWAP,RBRO,GBP/USD,256034156,2
9320,FXSWAP,UBS,GBP/USD,252700140,1
3324,FXSWAP,R,USD/CAD,252004581.9,8
3324,FXSWAP,R,USD/CHF,250000000,9
9849,FXSWAP,R,USD/JPY,250000000,2
997778,FXSWAP,BLOOMBERG,GBP/USD,2313763374,12
3324,FXSWAP,TRADITION,USD/JPY,230244980.7,8
9320,FXSWAP,UBS,EUR/USD,226800340,1
2436,FXSWAP,RBRO,EUR/USD,224778800,5
2436,FXSWAP,RPMART,EUR/USD,224540000,10
9320,FXSWAP,RPMART,USD/SEK,211920529.8,8
9320,FXSWAP,UBS,USD/CHF,202673260.3,3
3324,FXSWAP,R,USD/JPY,200000000,9
3324,FXSWAP,R,USD/DKK,199921985.3,10
3324,FXSWAP,R,USD/JPY,195000000,5
3324,FXSWAP,R,USD/CAD,190839694.7,8
2436,FXSWAP,BGCINTL,USD/JPY,183958793.2,10
3324,FXSWAP,TRADITION,USD/JPY,183688464.4,10
997778,FXSWAP,BGCINTL,USD/JPY,175245712.9,5
997778,FXSWAP,BLOOMBERG,GBP/USD,1733308574,12
3324,FXSWAP,R,USD/CHF,170000000,11
9320,FXSWAP,ICAP,USD/CAD,152778467.4,8
3324,FXSWAP,R,USD/CAD,152365628.8,10
2436,FXSWAP,RBRO,EUR/USD,141249187.5,2
3324,FXSWAP,R,USD/JPY,140000000,1
9320,FXSWAP,TRADITION,USD/JPY,138930696.7,11
9320,FXSWAP,360T,USD/CHF,137108272.6,5
2436,FXSWAP,RBRO,GBP/USD,126482100,1
2436,FXSWAP,BARCLAYS,GBP/USD,126342000,1
2815,FXSWAP,RPMART,GBP/USD,124560000,10
2436,FXSWAP,RBRO,USD/CHF,117000000,3
2436,FXSWAP,RBRO,USD/DKK,115744243.1,3
2436,FXSWAP,R,EUR/USD,112930800,3
2436,FXSWAP,R,EUR/USD,112839900,3
9320,FXSWAP,ICAP,EUR/USD,112250000,10
3324,FXSWAP,TULLETT,USD/MXN,1047333976,1
3324,FXSWAP,R,USD/DKK,102660646.9,11
9320,FXSWAP,UBS,USD/CHF,101598572.3,12
9320,FXSWAP,RPMART,USD/CHF,101276078.6,2
9320,FXSWAP,360T,USD/JPY,100000000,1
9320,FXSWAP,360T,USD/JPY,100000000,8
3324,FXSWAP,R,USD/JPY,100000000,11
2436,FXSWAP,RBRO,USD/CAD,95170841.18,9
3324,FXSWAP,R,GBP/USD,94340137.5,3
2436,FXSWAP,360T,USD/JPY,92226921.39,1
2436,FXSWAP,RBRO,EUR/USD,86955345.4,2
3324,FXSWAP,BGCINTL,EUR/USD,84150000,10
2436,FXSWAP,R,USD/NOK,79526350.41,5
2436,FXSWAP,R,USD/NOK,79503711.14,8
2436,FXSPOT,BARCLAYS,USD/TRY,19468.78,5
3324,FXFWD,FENICSPREM,USD/USN,15375,8
2436,FXSPOT,BARCLAYS,USD/TRY,14464.01,9
2436,FXSPOT,BARCLAYS,USD/TRY,14390.23,5
2436,FXSPOT,BARCLAYS,USD/TRY,12510.16,10
3324,FXFWD,FENICSPREM,USD/USN,10500,4
2436,FXSPOT,BARCLAYS,USD/TRY,9676.9,10
2436,FXSPOT,BARCLAYS,USD/TRY,7117.28,11
3324,FXFWD,FENICSPREM,USD/USN,6500,12
2436,FXSPOT,BARCLAYS,USD/TRY,5680.48,9
997778,FXFWD,FENICSPREM,USD/USN,5500,9
2436,FXSPOT,BARCLAYS,USD/TRY,4968.55,12
2436,FXSPOT,BARCLAYS,USD/TRY,4810.99,8
9320,FXFWD,FENICSPREM,USD/USN,4250,8
2436,FXSPOT,BARCLAYS,USD/TRY,4010.67,2
9320,FXFWD,FENICSPREM,USD/USN,4000,8
2436,FXSPOT,BARCLAYS,USD/TRY,3742.64,1
2436,FXSPOT,BARCLAYS,USD/TRY,3721.93,8
2436,FXSPOT,BARCLAYS,USD/TRY,2484.55,8
8192,FXFWD,FENICSPREM,USD/USN,2000,11
2436,FXSPOT,BARCLAYS,USD/TRY,1721.26,1
2436,FXSPOT,BARCLAYS,USD/TRY,1444.73,2
2436,FXSPOT,BARCLAYS,USD/TRY,715.54,12
2436,FXSPOT,BARCLAYS,USD/TRY,385.12,5
2436,FXSPOT,BARCLAYS,USD/TRY,165.91,9